{"metadata":{"version":4.3,"type":"Object","generator":"ObjectExporter"},"geometries":[{"uuid":"6a503781-99e8-46b5-bdf0-87ce62fdc9f5","type":"Geometry","data":{"vertices":[],"normals":[],"faces":[]}},{"uuid":"c89a9571-3f1b-43e2-bf5c-dace845b91aa","type":"Geometry","data":{"vertices":[],"normals":[],"faces":[]}}],"materials":[{"uuid":"A4227C57-3F5E-46B5-9F30-B49D2EDE5273","type":"MeshBasicMaterial","color":2316336,"opacity":1,"transparent":false,"wireframe":false},{"uuid":"51FDB0A6-1247-41B6-8405-193A8054D41D","type":"MeshBasicMaterial","color":7319923,"opacity":1,"transparent":false,"wireframe":false}],"object":{"uuid":"A81A82C8-0950-4824-BC1B-85917D585A37","type":"Scene","matrix":[1,0,0,0,0,1,0,0,0,0,1,0,0,0,0,1],"children":[{"uuid":"42fa3ee5-5607-4811-990b-540dec07e729","name":"vn_tia_celestia_mane_tia","type":"Mesh","geometry":"6a503781-99e8-46b5-bdf0-87ce62fdc9f5","material":"A4227C57-3F5E-46B5-9F30-B49D2EDE5273","castShadow":false,"receiveShadow":false,"matrix":[1,0,0,0,0,1,0,0,0,0,1,0,0,0,0,1]},{"uuid":"dd035134-6e23-4df5-abca-e17cc9e6f141","name":"vn_tia_celestia_mane_tia_root","type":"Mesh","geometry":"c89a9571-3f1b-43e2-bf5c-dace845b91aa","material":"51FDB0A6-1247-41B6-8405-193A8054D41D","castShadow":false,"receiveShadow":false,"matrix":[0.009999999776482582,0,0,0,0,0.009999999776482582,0,0,0,0,0.009999999776482582,0,0,0,0,1]}]},"images":[],"textures":[]}