{
    "object": {
        "type": "Scene",
        "children": [{
            "name": "N64",
            "uuid": "3F7B18AC-291A-3FC7-BAE5-47B7F77CF8B7",
            "matrix": [-1,0,0,0,0,0,1,0,0,1,0,0,0,0,0,1],
            "visible": true,
            "type": "Object",
            "children": [{
                "name": "N64.001",
                "uuid": "8ED98B7E-2133-3ACF-AD23-2B0B9D7F385F",
                "matrix": [0.0254,0,0,0,0,0.0254,0,0,0,0,0.0254,0,0,0,0,1],
                "visible": true,
                "type": "Mesh",
                "material": "D835F384-C44A-3532-99AA-E639AC03D4DB",
                "castShadow": true,
                "receiveShadow": true,
                "geometry": "38543881-DCFF-39B4-8066-514F1A695E97"
            }]
        }],
        "matrix": [1,0,0,0,0,1,0,0,0,0,1,0,0,0,0,1],
        "uuid": "F174C674-E8F7-43CD-8F3A-022AC6B18EAF"
    },
    "animations": [{
        "fps": 29,
        "name": "default",
        "tracks": []
    }],
    "materials": [{
        "type": "MeshPhongMaterial",
        "shininess": 50,
        "ambient": 2174712,
        "uuid": "C2134C11-374F-333A-964D-30FF8D88EA2C",
        "vertexColors": false,
        "name": "Blue___Wall_Paint___Glossy",
        "depthTest": true,
        "specular": 131586,
        "blending": "NormalBlending",
        "depthWrite": true,
        "color": 2174712,
        "emissive": 0
    },{
        "type": "MeshPhongMaterial",
        "shininess": 50,
        "ambient": 826636,
        "uuid": "27F33E5E-DA0F-320E-B404-526BA19F7205",
        "vertexColors": false,
        "name": "Dark_Green",
        "depthTest": true,
        "specular": 131586,
        "blending": "NormalBlending",
        "depthWrite": true,
        "color": 826636,
        "emissive": 0
    },{
        "type": "MeshPhongMaterial",
        "shininess": 50,
        "ambient": 15066393,
        "uuid": "B61BFBCC-6E52-32D1-8444-8B12D78333D8",
        "vertexColors": false,
        "name": "Gold",
        "transparent": true,
        "depthTest": true,
        "specular": 131586,
        "blending": "NormalBlending",
        "depthWrite": true,
        "color": 15066393,
        "emissive": 0
    },{
        "type": "MeshPhongMaterial",
        "shininess": 50,
        "ambient": 11930379,
        "uuid": "D835F384-C44A-3532-99AA-E639AC03D4DB",
        "vertexColors": false,
        "name": "Red",
        "depthTest": true,
        "specular": 131586,
        "blending": "NormalBlending",
        "depthWrite": true,
        "color": 11930379,
        "emissive": 0
    }],
    "textures": [],
    "geometries": [{
        "type": "Geometry",
        "uuid": "38543881-DCFF-39B4-8066-514F1A695E97",
        "materials": [{
            "blending": "NormalBlending",
            "DbgColor": 15658734,
            "opacity": 1,
            "visible": true,
            "shading": "phong",
            "colorAmbient": [0.713726,0.043137,0.043137],
            "wireframe": false,
            "colorEmissive": [0,0,0],
            "DbgIndex": 0,
            "specularCoef": 50,
            "transparent": false,
            "depthTest": true,
            "colorDiffuse": [0.713726,0.043137,0.043137],
            "depthWrite": true,
            "colorSpecular": [0.01,0.01,0.01],
            "DbgName": "Red"
        },{
            "blending": "NormalBlending",
            "DbgColor": 15597568,
            "opacity": 1,
            "visible": true,
            "shading": "phong",
            "colorAmbient": [0.047059,0.615686,0.047059],
            "wireframe": false,
            "colorEmissive": [0,0,0],
            "DbgIndex": 1,
            "specularCoef": 50,
            "transparent": false,
            "depthTest": true,
            "colorDiffuse": [0.047059,0.615686,0.047059],
            "depthWrite": true,
            "colorSpecular": [0.01,0.01,0.01],
            "DbgName": "Dark_Green"
        },{
            "blending": "NormalBlending",
            "DbgColor": 60928,
            "opacity": 1,
            "visible": true,
            "shading": "phong",
            "colorAmbient": [0.129412,0.180392,0.972549],
            "wireframe": false,
            "colorEmissive": [0,0,0],
            "DbgIndex": 2,
            "specularCoef": 50,
            "transparent": false,
            "depthTest": true,
            "colorDiffuse": [0.129412,0.180392,0.972549],
            "depthWrite": true,
            "colorSpecular": [0.01,0.01,0.01],
            "DbgName": "Blue___Wall_Paint___Glossy"
        },{
            "blending": "NormalBlending",
            "DbgColor": 238,
            "opacity": 0.5,
            "visible": true,
            "shading": "phong",
            "colorAmbient": [0.898039,0.898039,0.098039],
            "wireframe": false,
            "colorEmissive": [0,0,0],
            "DbgIndex": 3,
            "specularCoef": 50,
            "transparent": true,
            "depthTest": true,
            "colorDiffuse": [0.898039,0.898039,0.098039],
            "depthWrite": true,
            "colorSpecular": [0.01,0.01,0.01],
            "DbgName": "Gold"
        }],
        "data": {
            "animations": [],
            "influencesPerVertex": 2,
            "skinIndices": [],
            "vertices": [-0.999929,0.4,1.75,-0.999929,0,1.75,0,0,0.607369,0,0.4,0.607369,0,0.4,0,0,0,0,-0.999929,0,1.14263,-0.999929,0.4,1.14263,-0.999929,0.4,0.571316,-0.999929,0.4,1.14263,-0.999929,1.4,0.607388,-0.999929,1.8,0.607388,-0.999929,1.4,1.13213,-0.999929,1.8,1.75,-0.999929,1.4,1.75,-0.999929,0.439501,0,-0.999929,0,0,-0.999929,0,1.14263,-0.999929,0.4,1.75,-1.39993,0.4,1.75,-1.39993,0,1.75,-0.999929,0,1.75,0,0.4,0.607369,0,0.4,1.14263,-0.999929,0.4,1.14263,-0.999929,0.4,0.571316,-1.39993,0.4,0.571316,-1.39993,0.4,1.75,-0.999929,0.4,1.75,0,0.4,0,0.5,0.4,1.14263,0.5,0.4,0,-0.999929,1.4,1.75,-1.39993,1.4,1.75,-1.39993,0.4,0.571316,-0.999929,0.4,0.571316,-0.999929,0.439501,0,-1.39993,0.439501,0,-1.39993,1.4,1.13213,-0.999929,1.4,1.13213,-0.999929,0,0,-1.39993,0,0,-1.39993,0.439501,0,-0.999929,0.439501,0,-1.39993,0,0,-0.999929,0,0,0.5,0,0,0.5,0,1.75,0,0,1.75,0,0,0,-0.999929,0,1.14263,0,0,0.607369,-0.999929,0,1.75,-1.39993,0,1.75,-1.39993,1.4,0,0,1.4,1.14261,0,1.4,0.607369,0.5,1.4,0.607369,0.5,1.4,1.75,0,1.4,1.75,-0.999929,1.4,0,-0.999929,1.4,1.13213,-1.39993,1.4,1.13213,-0.999929,1.4,0.607388,-0.999929,1.4,0,-0.999929,1.8,0,0,1.8,1.14261,0,1.4,1.14261,-1.39993,1.4,0,-1.39993,1.8,0,-0.999929,1.8,0,-0.999929,1.4,0,-1.39993,1.8,0,-1.39993,1.4,0,-1.39993,0,1.75,-1.39993,0.4,1.75,-1.39993,0,0,-1.39993,0.439501,0,-1.39993,1.4,1.13213,-1.39993,0.4,0.571316,-1.39993,1.4,1.75,-1.39993,1.8,1.75,-0.999929,1.4,1.75,-0.999929,1.8,1.75,-1.39993,1.8,1.75,-1.39993,1.4,1.75,0,1.4,1.75,0,1.8,1.75,-0.999929,1.8,0.607388,-0.999929,1.4,0.607388,0.5,0.4,1.75,0,0.4,1.75,0,0,1.75,0.5,0,1.75,0.5,1.4,0.607369,0,1.4,0.607369,0,0.4,1.75,0.5,0.4,1.75,0.5,1.8,1.75,0,1.8,1.75,0,1.4,1.75,0.5,1.4,1.75,-1.39993,1.8,1.75,-0.999929,1.8,1.75,0.5,1.8,0,0,1.8,0,0.5,1.8,1.75,0,1.8,1.75,-0.999929,1.8,0.607388,0,1.8,1.14261,-0.999929,1.8,0,-1.39993,1.8,0,0.5,1.4,0,0,1.4,0,0,1.8,0,0.5,1.8,0,0.5,0.4,1.14263,0,0.4,1.14263,0,1.4,0,0.5,1.4,0,0.5,0,0,0,0,0,0,0.4,0,0.5,0.4,0,0,0.4,1.14263,0,0.4,0.607369,0,1.8,1.14261,0,1.8,0,0,1.4,0.607369,0,1.4,1.14261,0,1.4,0,0,0.4,1.75,0,0,1.75,0,0,0.607369,0.5,0.4,1.75,0.5,1.8,1.75,0.5,1.4,1.75,0.5,1.8,0,0.5,1.4,0,0.5,0.4,1.14263,0.5,1.4,0.607369,0.5,0,0,0.5,0.4,0,0.5,0,1.75],
            "name": "N64Geometry",
            "faces": [42,2,0,1,0,0,1,2,0,0,0,42,0,2,3,0,1,0,3,0,0,0,42,6,4,5,1,4,5,6,1,1,1,42,4,6,7,1,5,4,3,1,1,1,42,17,8,9,2,7,8,9,2,2,2,42,13,10,11,2,10,11,12,3,2,2,42,13,12,10,2,10,13,11,3,2,2,42,14,12,13,2,14,13,10,2,2,3,42,8,12,14,2,8,13,14,2,2,2,42,8,15,12,2,8,15,13,2,2,2,42,8,16,15,2,8,16,15,2,2,2,42,8,17,16,2,8,7,16,2,2,2,42,20,18,19,3,17,18,19,4,4,4,42,18,20,21,3,18,17,20,4,4,4,42,30,22,23,1,21,22,23,5,5,5,42,26,24,25,1,24,25,26,6,5,5,42,27,24,26,1,27,25,24,5,5,6,42,28,24,27,1,28,25,27,5,5,5,42,22,24,28,1,22,25,28,5,5,5,42,22,29,24,1,22,29,25,5,5,5,42,29,30,31,1,29,21,30,5,5,5,42,22,30,29,1,22,21,29,5,5,5,42,34,32,33,1,31,32,33,7,7,7,42,32,34,35,1,32,31,34,7,7,7,42,38,36,37,0,35,36,37,8,8,8,42,36,38,39,0,36,35,38,8,8,8,42,42,40,41,3,39,18,19,9,9,9,42,40,42,43,3,18,39,40,9,9,9,42,50,44,45,1,41,42,43,10,10,10,42,48,46,47,1,44,45,46,11,10,10,42,51,46,48,1,47,45,44,10,10,11,42,51,49,46,1,47,48,45,10,10,10,42,51,50,49,1,47,41,48,10,10,10,42,52,50,51,1,49,41,47,10,10,10,42,53,50,52,1,19,41,49,10,10,10,42,44,50,53,1,42,41,19,10,10,10,42,63,54,60,1,50,51,52,10,10,10,42,57,55,56,1,53,54,55,10,10,10,42,58,55,57,1,56,54,53,10,10,10,42,59,55,58,1,57,54,56,10,10,10,42,63,55,59,1,50,54,57,10,10,10,42,63,60,55,1,50,52,54,10,10,10,42,54,61,62,1,51,58,59,10,11,10,42,54,63,61,1,51,50,58,10,10,11,42,66,64,65,1,60,61,62,12,12,12,42,64,66,67,1,61,60,63,12,12,12,42,70,68,69,3,17,64,19,9,9,9,42,68,70,71,3,64,17,20,9,9,9,42,78,72,73,2,65,66,43,13,14,14,42,79,74,75,2,67,68,69,14,14,14,42,79,76,74,2,67,70,68,14,14,14,42,79,77,76,2,67,71,70,14,14,14,42,79,78,77,2,67,65,71,14,13,14,42,80,78,79,2,49,65,67,14,13,14,42,81,78,80,2,19,65,49,13,13,14,42,72,78,81,2,66,65,19,14,13,13,42,84,82,83,3,17,18,19,4,4,4,42,82,84,85,3,18,17,20,4,4,4,42,88,86,87,0,72,73,74,15,15,15,42,86,88,89,0,73,72,63,15,15,15,42,92,90,91,3,17,56,19,16,16,4,42,90,92,93,3,56,17,75,16,16,4,42,96,94,95,1,76,56,77,17,17,17,42,94,96,97,1,56,76,78,17,17,17,42,100,98,99,3,17,56,19,4,4,4,42,98,100,101,3,56,17,75,4,4,4,42,108,102,103,1,79,51,52,5,5,5,42,109,104,105,1,80,81,82,5,5,5,42,109,106,104,1,80,83,81,5,5,5,42,109,107,106,1,80,84,83,5,5,5,42,109,108,107,1,80,79,84,5,5,5,42,110,108,109,1,85,79,80,5,5,5,42,111,108,110,1,86,79,85,5,5,5,42,102,108,111,1,51,79,86,5,5,5,42,114,112,113,3,17,56,19,9,9,9,42,112,114,115,3,56,17,75,9,9,9,42,118,116,117,0,87,88,89,18,18,18,42,116,118,119,0,88,87,78,18,18,18,42,122,120,121,3,17,90,91,19,19,9,42,120,122,123,3,90,17,75,19,19,9,42,133,124,125,2,92,93,94,14,14,14,42,130,126,127,2,95,96,97,14,14,14,42,126,128,129,2,96,98,99,14,14,14,42,130,128,126,2,95,98,96,14,14,14,42,124,128,130,2,93,98,95,14,14,14,42,124,131,128,2,93,100,98,14,14,14,42,124,132,131,2,93,101,100,14,14,14,42,124,133,132,2,93,92,101,14,14,14,42,143,139,134,2,102,103,104,2,2,2,42,140,135,136,2,105,106,107,2,3,2,42,140,137,135,2,105,108,106,2,2,3,42,140,138,137,2,105,109,108,2,2,2,42,140,139,138,2,105,103,109,2,2,2,42,134,139,140,2,104,103,105,2,2,2,42,139,141,142,2,103,110,111,2,2,2,42,139,143,141,2,103,102,110,2,2,2],
            "uvs": [[2.89364,0,0,0.762299,0,0,2.89364,0.762299,2.89364,0,0,0.762299,0,0,1.02004,3.43035,-0.068744,2.66805,1.02004,2.66805,2.17753,0,0,0.762299,-0,0,1.00002,0.762299,2.17753,0.762299,-1.15753,2.59277,-1.15753,3.43035,0.762299,0,0,0.762299,0,0,0.762299,0.762299,1.08878,3.62079,0.068709,2.66791,1.08878,2.66791,0,0,1.08878,0.762299,-0,0.762299,2.24628,0,2.24628,0.762299,-1.08878,2.66791,-1.08878,3.62079,2.94578,-0,-0,0.762299,-0,-0,2.94578,0.762299,2.82942,-0,0,0.762299,0,-0,2.82942,0.762299,0.837577,0,0.837577,0.762299,1.15749,0.762299,3.33506,-0,3.33506,0.762299,-0,2.66791,3.33506,3.62079,-0,3.62079,2.17757,2.66791,3.33506,2.66791,-0,0.762299,2.17753,-1.90561,3.33506,-2.66791,3.33506,-1.90561,2.17757,0.952874,1.15753,0,2.17757,0,0,0.952874,0,0,1.17751,-1.90561,1.17751,-2.66791,2.89362,0,0,0.762299,0,-0,2.89362,0.762299,0,0.762299,1.17751,0.762299,3.33506,0,2.24628,2.66805,-0,3.43035,-0,2.66805,3.33506,3.43035,3.33506,2.59277,2.89362,-0,0,0.762299,0,-0,0.762299,0.952874,2.89373,0,0,0,2.89373,0.952874,1.15753,-1.90561,2.17753,0,-0,0.952874,-0,0,3.33506,0.952874,3.33506,0,-0,-1.90561,-0,-2.66791,2.89373,0,-0,0.952874,-0,0,0,0.952874,0,0,3.43225,-0.510038,2.66995,0.510038,2.66995,-0.510038,0.764205,-1.66753,0.001906,0.510002,0.001906,-1.66753,0.764205,-0.510038,0.764205,0.510002,2.66995,1.66753,3.43225,1.66753,-1.71517,1.66753,-0.952874,0.510038,-0.952874,1.66753,0.952874,-0.510038,1.71517,1.66753,0.952874,1.66753,1.71517,-1.66753,0.952874,-1.66753,-1.71517,-1.66753,-0.952874,-1.66753]],
            "normals": [0.752525,0,0.658528,-0.752525,0,-0.658528,1,0,0,0.999969,0,0,0,0,1,0,1,0,0,0.999969,0,0,-0.762535,0.646931,0,0.762535,-0.646931,0,0,-1,0,-1,0,0,-0.999969,0,0.752525,0,-0.658528,-0.999969,0,0,-1,0,0,-0.752525,0,0.658528,0,0,0.999969,0,0.752495,0.658559,0,-0.752495,-0.658559,0,0,-0.999969],
            "bones": [],
            "skinWeights": [],
            "metadata": {
                "version": 3,
                "faces": 96,
                "uvs": 1,
                "materials": 4,
                "generator": "io_three",
                "bones": 0,
                "vertices": 144,
                "normals": 20,
                "morphTargets": 0
            },
            "morphTargets": []
        }
    }],
    "metadata": {
        "version": 4.4,
        "type": "Object",
        "generator": "io_three"
    },
    "images": []
}